SKU,LabelingUnitLength,LabelingUnitWidth,LabelingUnitHeight,LabelingUnitWeight,_storage_qty_apr,_volume_ft3_unit,_notes
HRMC1098,36.00,6.60,6.60,,8,0.91,"weight missing en invoice abril"
IFAHR120,3.96,2.04,6.00,1,56,0.03,"ACC SMARTBEAT HR MONITOR"
IFMC408022,41.04,5.04,13.20,9,28,1.58,"TREADMILL MAT"
NAMSDB20,18.00,18.00,15.60,120,488,2.92,"55LB SELECT-A-WEIGHT PAI"
NTBE19,36.00,24.00,13.44,77,214,6.71,"ADJUSTABLE BENCH"
NTEL71423,66.00,15.00,38.04,244,0,21.79,"AIRGLIDE 14i - qty 0 abril"
NTEL79823,65.04,15.00,38.04,235,0,21.46,"AIRGLIDE 7i - qty 0 abril"
NTEX12921,42.96,15.96,32.04,115,0,12.76,"COMMERCIAL VU 29 - qty 0 abril"
NTL14125,84.00,36.00,22.08,308,3,38.64,"ULTRA COMMERCIAL 1250"
NTL15425,81.00,33.00,19.20,250,3,29.70,"T SERIES 10"
NTL17125,84.00,24.96,22.08,312,24,26.83,"COMMERCIAL 1750"
NTL17624,60.00,24.00,17.04,175,151,14.17,"T SERIES 5"
NTL19125,72.00,24.00,20.52,322,53,20.52,"COMMERCIAL 2450"
NTL29225,72.00,36.00,42.48,413,133,63.63,"X16 TREADMILL"
NTL39225,72.00,36.00,42.96,422,10,64.39,"X24 TREADMILL"
NTRW15123,83.04,9.96,42.12,158,0,20.23,"RW700 - qty 0 abril"
NTRW19423,83.04,9.96,42.12,158,0,20.23,"RW900 - qty 0 abril"
PFTL90924,60.00,24.00,20.52,250,82,17.12,"PROFORM CARBON TLX"
NTRW15125,84.96,9.00,41.04,129,2,18.16,"RW700"
NTEX24125,36.00,24.00,26.52,143,42,13.24,"24 STUDIO BIKE"
NTEX14925,66.96,15.00,37.08,186,3,21.55,"10 RECUMBENT BIKE"
NTEL10825,60.00,24.00,21.36,235,124,17.81,"STEP CLIMBER"
NTEL16825,66.00,15.00,39.12,246,1,22.41,"STEP CLIMBER XL"
NTEL71625,63.00,30.96,33.12,289,4,37.43,"FREESTRIDE TRAINER FS14I (2025)"
NTEX02425,48.00,23.16,36.00,200,130,23.21,"X24 BIKE"
NTRW19425,83.04,9.96,42.12,158,12,20.23,"RW900 (2025)"
TMAK213,22.80,6.00,3.00,6,16,0.24,"TREADMILL ACCESORY KIT"
PFEL55925,66.00,15.00,32.04,205,60,18.33,"PROFORM CARBON EL"
PFEX43925,56.04,12.96,26.04,109,76,10.95,"325 CSX"
PFRW58125,48.00,23.04,24.96,117,25,15.97,"750R ROWER"
PFEL54925,51.96,15.00,26.04,116,40,11.74,"PROFORM SPORT"
PFEX40122,41.04,11.04,33.00,109,187,8.61,"PROFORM SPORT CX"
PFTL59724,78.00,30.96,9.96,197,185,13.99,"PROFORM CARBON TL"
NTEL71620,62.04,30.00,26.04,287,1,27.99,"FREESTRIDE TRAINER FS14I (2020)"
NTL17915,77.04,30.00,11.04,196,272,14.70,"T 6.5S"
NTL10425,81.96,33.00,12.00,205,111,18.79,"T SERIES 7"
PFTL38825,66.96,27.96,9.96,,154,10.86,"PROFORM SPORT - peso missing"
NTL15725CW,81.00,33.00,12.00,,111,18.56,"T SERIES 9 - peso missing"
PFEL07525,33.48,18.48,49.56,,0,17.79,"PROFORM TRAINER HL - qty 0 + peso missing"
NTEX50725CW,42.00,9.96,33.96,,187,8.26,"NT BIKE - peso missing"
NTRW39125,84.00,9.00,33.96,,137,14.88,"RW300 - peso missing"
NTL16426-1000,78.60,31.80,12.00,,83,17.36,"RW301 (corregido de ntl16426'1000) - peso missing"
TODO_VERIFY_NTEL71426,,,,,_INBOUND,_NO_STORAGE,"12 unidades recibidas abril sin descripcion en master - VERIFICAR SKU correcto"
TODO_VERIFY_NTL49926-1,,,,,_INBOUND,_NO_STORAGE,"1 unidad recibida abril sin descripcion - VERIFICAR (puede ser typo de NTL49926-1000)"
