Sku,LabelingUnitLength,LabelingUnitWidth,LabelingUnitHeight,LabelingUnitWeight
HRMC1098,36.00,6.60,6.60,
IFAHR120,3.96,2.04,6.00,1
IFMC408022,41.04,5.04,13.20,9
NAMSDB20,18.00,18.00,15.60,120
NTBE19,36.00,24.00,13.44,77
NTEL71423,66.00,15.00,38.04,244
NTEL79823,65.04,15.00,38.04,235
NTEX12921,42.96,15.96,32.04,115
NTL14125,84.00,36.00,22.08,308
NTL15425,81.00,33.00,19.20,250
NTL17125,84.00,24.96,22.08,312
NTL17624,60.00,24.00,17.04,175
NTL19125,72.00,24.00,20.52,322
NTL29225,72.00,36.00,42.48,413
NTL39225,72.00,36.00,42.96,422
NTRW15123,83.04,9.96,42.12,158
PFTL90924,60.00,24.00,20.52,250
NTRW15125,84.96,9.00,41.04,129
NTEX24125,36.00,24.00,26.52,143
NTEX14925,66.96,15.00,37.08,186
NTEL10825,60.00,24.00,21.36,235
NTEL16825,66.00,15.00,39.12,246
NTEL71625,63.00,30.96,33.12,289
NTEX02425,48.00,23.16,36.00,200
NTRW19425,83.04,9.96,42.12,158
TMAK213,22.80,6.00,3.00,6
PFEL55925,66.00,15.00,32.04,205
PFEX43925,56.04,12.96,26.04,109
PFRW58125,48.00,23.04,24.96,117
PFEL54925,51.96,15.00,26.04,116
PFEX40122,41.04,11.04,33.00,109
PFTL59724,78.00,30.96,9.96,197
NTEL71620,62.04,30.00,26.04,287
NTL17915,77.04,30.00,11.04,196
NTL10425,81.96,33.00,12.00,205
PFTL38825,66.96,27.96,9.96,
NTL15725CW,81.00,33.00,12.00,
PFEL07525,33.48,18.48,49.56,
NTEX50725CW,42.00,9.96,33.96,
NTRW39125,84.00,9.00,33.96,
NTL16426-1000,78.60,31.80,12.00,
